id;cif_number;first_name;last_name;ic_number;phone_number
1;Assistant;Kiana;Bosco;heuristic wireless;orchid
2;Bedfordshire Security;Breanna;Flatley;firmware index mission-critical;Music functionalities Implementation
3;Consultant Malta;Gladyce;Rippin;Licensed Rubber Bacon relationships;dedicated
4;users;Marisa;Schinner;azure Soft Villages;JBOD
5;Gorgeous Uzbekistan Sum;Erling;Hackett;Lilangeni;Awesome Steel Tuna
6;bluetooth Specialist;Raymond;Hammes;protocol;quantifying Handmade
7;violet Compatible primary;Alexanne;McLaughlin;Chicken plum Accounts;multi-tasking calculate initiatives
8;azure;Chris;Schaden;Auto Loan Account invoice;Tuna
9;Pine COM Rhode Island;Jace;Brown;Auto Loan Account revolutionary Concrete;application
10;hacking;Justyn;Deckow;relationships Towels;AGP
